<?xml version="1.0" encoding="UTF-8"?>
<root>
  <item name="com.bq2015.oknet.lifecycle.INetLifecycle void onNetBehavior(int) 0">
    <annotation name="android.support.annotation.IntDef">
      <val name="flag" val="false" />
      <val name="value" val="{com.bq2015.oknet.lifecycle.OKNetBehavior.STOP, com.bq2015.oknet.lifecycle.OKNetBehavior.DESTROY}" />
    </annotation>
  </item>
  <item name="com.bq2015.oknet.lifecycle.NetLifecycleMgr void onNetBehavior(com.bq2015.oknet.lifecycle.INetViewLifecycle, int) 1">
    <annotation name="android.support.annotation.IntDef">
      <val name="flag" val="false" />
      <val name="value" val="{com.bq2015.oknet.lifecycle.OKNetBehavior.STOP, com.bq2015.oknet.lifecycle.OKNetBehavior.DESTROY}" />
    </annotation>
  </item>
  <item name="com.bq2015.oknet.lifecycle.OKNetBehavior">
    <annotation name="android.support.annotation.IntDef">
      <val name="flag" val="false" />
      <val name="value" val="{com.bq2015.oknet.lifecycle.OKNetBehavior.STOP, com.bq2015.oknet.lifecycle.OKNetBehavior.DESTROY}" />
    </annotation>
  </item>
</root>

